pair,role_a,role_b,track,mfcc_l2,mfcc_mae,mfcc_pearsonr,mfcc_frame_l2,cosine_similarity,centroid_diff,rolloff_diff,bandwidth_diff,chroma_cosine,chroma_pearsonr,mel_l1,mel_l2,rms_db_diff,tempo_diff,mfcc_band_0_mae,mfcc_band_1_mae,mfcc_band_2_mae,mfcc_band_3_mae,mfcc_band_4_mae,mfcc_band_5_mae,mfcc_band_6_mae,mfcc_band_7_mae,mfcc_band_8_mae,mfcc_band_9_mae,mfcc_band_10_mae,mfcc_band_11_mae,mfcc_band_12_mae
model_vs_target,model,target,02034_Vitamin_Pets_Is_Dead_instrumental_chunk005_10000ms,670.444091796875,72.43716430664062,0.7996004284382432,178.35406494140625,0.8430489091569184,3401.702766329411,6586.088205455741,1803.2494689962073,0.9886467949109402,-0.1248223050460672,25.20005989074707,29.92985725402832,36.82196000445896,63.34929435483872,658.6697998046875,9.486701965332031,79.95045471191406,84.09205627441406,34.6618766784668,16.849864959716797,13.665000915527344,10.767986297607422,6.521451950073242,1.6709108352661133,13.088032722473145,3.298415184020996,8.96078109741211
model_vs_target,model,target,02034_Vitamin_Pets_Is_Dead_instrumental_chunk006_12000ms,614.9910888671875,69.35063171386719,0.8433086691524142,166.830810546875,0.8734668354765217,3041.698292499579,6023.093503238668,1640.4410413103685,0.9807215497562104,-0.34943238753693245,27.80158042907715,32.09977722167969,36.07294528634077,53.8330078125,602.3067016601562,29.89104461669922,76.53152465820312,81.91014862060547,31.18749237060547,20.20335578918457,10.394864082336426,12.197912216186523,5.327492713928223,5.984436988830566,12.773757934570312,2.345498561859131,10.503900527954102
model_vs_target,model,target,02034_Vitamin_Pets_Is_Dead_instrumental_chunk007_14000ms,668.5237426757812,70.9420394897461,0.8493514403131273,177.6054229736328,0.857353797528649,2927.3464708342276,5804.666218250764,1553.3161844780557,0.9824625709842851,-0.36577502462405004,23.46767807006836,27.771852493286133,38.300539870004755,2.7784778225806406,658.911376953125,16.10533905029297,71.60186767578125,74.6841812133789,31.098003387451172,16.388731002807617,11.042659759521484,13.588837623596191,0.5212569236755371,4.28547477722168,11.522721290588379,2.776834726333618,9.71927547454834
model_vs_target,model,target,02034_Vitamin_Pets_Is_Dead_instrumental_chunk008_16000ms,661.2908325195312,72.13917541503906,0.8133462175393141,179.19651794433594,0.8533184322100847,2875.1041160452905,5505.293275013364,1535.3373590892675,0.985521939566538,-0.6834448847830683,27.537023544311523,31.655900955200195,37.865830248118556,21.231617647058826,650.1502075195312,41.55906677246094,74.72254180908203,75.2016372680664,27.14084243774414,10.997014999389648,20.74814224243164,12.206023216247559,0.6473708152770996,2.699873924255371,10.131793975830078,1.9543370008468628,9.650370597839355
model_vs_target,model,target,02034_Vitamin_Pets_Is_Dead_instrumental_chunk009_18000ms,683.4685668945312,72.07378387451172,0.7944567256715946,181.6881103515625,0.8379619013963848,3045.2319829800563,5901.460681686862,1624.5513845497617,0.9873198512423969,-0.17359742000604042,24.0753116607666,28.630382537841797,36.72510181751859,4.893909801136374,673.5139770507812,22.290176391601562,77.56338500976562,74.2900619506836,27.119213104248047,7.598821640014648,18.29464340209961,14.216814041137695,2.8248021602630615,0.9836204051971436,7.126898288726807,2.0648937225341797,9.071916580200195
model_vs_target,model,target,02034_Vitamin_Pets_Is_Dead_instrumental_chunk010_20000ms,672.0355224609375,71.83238983154297,0.7795378062800034,178.39215087890625,0.8380454760567558,3153.5599768963807,6042.809076159228,1594.515677869065,0.9922614566775112,-0.14334471794027434,24.79327392578125,29.097698211669922,37.27148788176102,79.4677734375,661.1244506835938,23.030548095703125,80.96881103515625,75.06708526611328,33.49993896484375,7.306493759155273,12.826791763305664,16.773611068725586,0.35338354110717773,0.6833839416503906,8.084660530090332,2.699709177017212,11.4021635055542
model_vs_target,model,target,02034_Vitamin_Pets_Is_Dead_instrumental_chunk011_22000ms,690.6780395507812,74.61763763427734,0.8283796423537201,188.0873260498047,0.8481166092499206,3541.0928682546028,6655.040100392513,2055.5634430455466,0.9956543319744305,-0.27346912329241146,26.877498626708984,30.882856369018555,42.042011565040056,23.15398185483872,680.199462890625,35.317203521728516,64.88555145263672,81.6720962524414,33.51655578613281,15.869948387145996,3.3714442253112793,22.130605697631836,0.442659854888916,3.2303009033203125,13.564740180969238,3.3957414627075195,12.432936668395996
model_vs_target,model,target,02034_Vitamin_Pets_Is_Dead_instrumental_chunk012_24000ms,698.7049560546875,74.0169906616211,0.8643311752377675,186.54931640625,0.8531273945061905,1557.717204731077,1426.9027701332907,999.6436597808342,0.9880695722183607,-0.476574650879232,23.069286346435547,27.62297248840332,43.18056535663726,5.561440677966104,689.5887451171875,7.5314483642578125,63.009578704833984,72.16248321533203,46.971405029296875,21.265727996826172,13.023521423339844,18.374404907226562,3.442310333251953,5.545914173126221,10.03664493560791,0.6825871467590332,10.586092948913574
model_vs_target,model,target,02034_Vitamin_Pets_Is_Dead_instrumental_chunk013_26000ms,653.80322265625,69.84367370605469,0.8805992817424084,180.79856872558594,0.8750140313636943,1598.330500007081,1316.6266399881115,791.0839211318589,0.9854338919345716,-0.5481311566707723,25.721704483032227,30.097698211669922,38.97024044649614,17.35276442307692,643.8870849609375,21.469425201416016,58.638328552246094,82.45130920410156,36.08878707885742,21.16815185546875,3.7432541847229004,14.484891891479492,1.5811614990234375,2.89615535736084,8.878398895263672,2.732851266860962,9.947837829589844
model_vs_target,model,target,02035_Spowder_Miracle_Grow_instrumental_chunk000_0ms,557.7254638671875,59.309326171875,0.8585485004581892,141.8245086669922,0.8908775880025122,407.2192791805928,1657.1565494493707,1095.635103908653,0.9741544407976835,0.49229359548291185,19.203838348388672,22.820873260498047,31.022441402352467,8.08547913950457,548.4838256835938,69.80046844482422,64.56245422363281,10.238866806030273,12.956376075744629,9.916346549987793,23.20278549194336,2.119853973388672,1.7453033924102783,9.779236793518066,11.884079933166504,5.278059005737305,1.0535064935684204
model_vs_target,model,target,02035_Spowder_Miracle_Grow_instrumental_chunk001_2000ms,553.8267822265625,59.10398483276367,0.8452227368571976,141.0862274169922,0.8875063106049597,267.4392849920448,1241.100901029748,855.876175457598,0.9917984917574297,0.7270020188747165,20.6590633392334,24.4344539642334,30.217000338726855,11.59315023678964,544.2518310546875,72.46977996826172,63.28532409667969,13.032684326171875,17.386287689208984,12.07958984375,20.247432708740234,5.634858131408691,0.038635969161987305,7.723610877990723,11.729787826538086,0.1612645983695984,0.3107588291168213
model_vs_target,model,target,02035_Spowder_Miracle_Grow_instrumental_chunk002_4000ms,574.6388549804688,61.657981872558594,0.8400322889250871,146.91392517089844,0.8817407633556584,75.83164604087915,561.1911401322332,721.3607014703653,0.9943916473744298,0.5937496146243298,21.700532913208008,25.39652442932129,30.526116079360378,20.073324947033896,566.068359375,61.719871520996094,63.90892028808594,18.792959213256836,26.59880828857422,13.557332038879395,20.200305938720703,8.602316856384277,2.06801438331604,6.426985740661621,9.981724739074707,3.307340145111084,0.32088810205459595
model_vs_target,model,target,02035_Spowder_Miracle_Grow_instrumental_chunk003_6000ms,599.6085205078125,64.07173156738281,0.8270489920390034,156.08590698242188,0.8724929711948436,124.83220888620417,486.3678802560062,780.0069126786389,0.9931145433804847,0.7418809024490305,23.02277183532715,26.81884765625,32.49768683305588,3.296949760765557,591.083251953125,58.41661834716797,64.90533447265625,25.4586238861084,31.60154151916504,12.704431533813477,22.965604782104492,7.105740070343018,1.4411370754241943,5.240725994110107,10.40196418762207,0.26848649978637695,1.3389891386032104
model_vs_target,model,target,02035_Spowder_Miracle_Grow_instrumental_chunk004_8000ms,574.6927490234375,61.958499908447266,0.8232900222214077,145.137939453125,0.8748722681185988,53.60461555691836,290.8789174234835,527.6335068679,0.9892719494820227,0.6935777732449551,20.832944869995117,24.462825775146484,29.87814085475354,6.600215517241381,566.155029296875,49.612083435058594,70.88719177246094,23.76524543762207,27.408550262451172,11.727510452270508,22.27766990661621,8.815607070922852,1.4957705736160278,5.57484769821167,13.471880912780762,1.0432674884796143,3.2258505821228027
model_vs_target,model,target,02035_Spowder_Miracle_Grow_instrumental_chunk005_10000ms,585.63525390625,60.116188049316406,0.8272974553213529,145.3250732421875,0.8731586773599164,178.1332254149513,658.3232374698068,895.9571754666899,0.992788005119311,0.3346060179766831,17.89714241027832,21.357770919799805,32.67221130341475,0.0,576.8128051757812,63.095726013183594,72.44422912597656,17.356962203979492,21.11744499206543,3.568148612976074,14.56283950805664,0.24132490158081055,1.8379497528076172,4.416994571685791,5.594793796539307,0.1073145866394043,0.35395902395248413
model_vs_target,model,target,02035_Spowder_Miracle_Grow_instrumental_chunk006_12000ms,588.5702514648438,62.07197570800781,0.8242183932644775,148.37979125976562,0.8715087132035275,683.5580529265642,1877.5741021922995,1620.235077223802,0.9940066371384367,-0.07708748070443042,18.096927642822266,22.173803329467773,34.49323800820662,29.083806818181813,577.3258056640625,81.09001159667969,75.30419158935547,9.194572448730469,20.676071166992188,3.2784318923950195,13.869418144226074,8.436613082885742,3.6857786178588867,3.565955400466919,2.9772145748138428,1.1506009101867676,6.380921840667725
model_vs_target,model,target,02035_Spowder_Miracle_Grow_instrumental_chunk007_14000ms,637.3795166015625,65.91828918457031,0.7948659062549608,160.93540954589844,0.8509087349293712,173.61502595286834,25.59751330893232,744.1370529064643,0.9972943243461536,0.8263112504795241,19.820207595825195,23.64303970336914,35.959806447087516,13.702947443181813,629.5860595703125,54.924705505371094,71.20376586914062,10.568675994873047,31.80491828918457,7.379766464233398,19.059085845947266,2.3048171997070312,2.7432684898376465,8.939448356628418,1.3055779933929443,10.207024574279785,6.910632133483887
model_vs_target,model,target,02035_Spowder_Miracle_Grow_instrumental_chunk008_16000ms,648.031982421875,68.0667724609375,0.7385990712761736,162.54876708984375,0.8285831627665087,384.07331750349726,206.9489056131115,418.9637428190081,0.9961786896581137,0.8940075859866963,21.646984100341797,24.937606811523438,33.896430252146814,89.10290948275862,639.3727416992188,38.005279541015625,82.84707641601562,17.30695915222168,42.3263053894043,6.917672157287598,17.800800323486328,8.385526657104492,6.911432266235352,10.229310989379883,1.3924734592437744,12.604959487915039,0.7674819827079773
model_vs_target,model,target,02035_Spowder_Miracle_Grow_instrumental_chunk009_18000ms,653.6986083984375,68.11885833740234,0.7251331167919127,164.12738037109375,0.8223823303075263,58.83147357154303,708.9998043978321,792.2294544916017,0.9961893459339474,0.8866508236741214,21.354841232299805,24.85569190979004,33.9448696066879,72.39611395474138,644.1237182617188,45.182411193847656,88.6405029296875,18.729713439941406,40.40141296386719,0.4919452667236328,17.880634307861328,6.707026481628418,3.133625030517578,6.166332244873047,0.9124312400817871,11.30146598815918,1.8739464282989502
model_vs_target,model,target,02035_Spowder_Miracle_Grow_instrumental_chunk010_20000ms,679.5530395507812,70.71507263183594,0.7041816054559515,173.0725860595703,0.8124651518519894,46.87233555591774,909.2462343356001,1070.3694568428127,0.9929442008064889,0.3498238244566227,22.70435333251953,26.309722900390625,37.994685997526055,36.26644736842105,670.0523681640625,58.980201721191406,83.494140625,15.298559188842773,38.46352767944336,3.3770008087158203,21.046142578125,3.406935691833496,2.9840474128723145,6.141934394836426,1.5451719760894775,11.64513111114502,2.8607325553894043
model_vs_target,model,target,02035_Spowder_Miracle_Grow_instrumental_chunk011_22000ms,673.1336669921875,69.05937194824219,0.7086151632810259,173.52398681640625,0.8138771252154855,646.7514022203361,2240.1479034074655,1452.4878671583706,0.9829062475757757,0.17504682919735148,22.42522430419922,26.364274978637695,37.61654066799187,11.158906882591097,663.03369140625,68.4560317993164,83.23213195800781,16.552263259887695,34.54518508911133,0.5879745483398438,17.615583419799805,1.6594252586364746,0.10935640335083008,1.2136411666870117,0.24472954869270325,9.938234329223633,0.5835495591163635
model_vs_target,model,target,02035_Spowder_Miracle_Grow_instrumental_chunk012_24000ms,672.2877197265625,68.86359405517578,0.7291932355834874,169.50221252441406,0.8176131404324829,18.28278896725078,669.9645839114173,926.8410138252934,0.9940548345102261,0.5012571510095897,20.366249084472656,23.71403694152832,36.55150712937513,196.44325657894737,663.6068115234375,44.63439178466797,86.83114624023438,13.33026123046875,36.22016525268555,4.04190731048584,18.159378051757812,4.895328044891357,2.1511430740356445,4.611733913421631,3.054488182067871,13.021062850952148,0.6689338088035583
model_vs_target,model,target,02035_Spowder_Miracle_Grow_instrumental_chunk013_26000ms,666.1407470703125,70.74286651611328,0.7089264278195311,170.3533477783203,0.816786246424937,231.84829946513946,1251.526556161015,1116.4638253052758,0.9952581270381221,0.6363104746599247,24.5684871673584,28.259538650512695,37.21566317913859,89.10290948275862,655.67724609375,61.509315490722656,87.81130981445312,16.473264694213867,35.92091369628906,7.661031723022461,21.416934967041016,3.710796356201172,5.562074661254883,8.225940704345703,1.7841641902923584,11.711906433105469,2.192270278930664
benchmark_vs_target,benchmark,target,02034_Vitamin_Pets_Is_Dead_instrumental_chunk005_10000ms,251.56143188476562,52.02774429321289,0.9090420267300754,80.5179443359375,0.855457127718929,1213.5092337663186,22.82563416854191,1172.8488838076114,0.987194180135121,0.6455739910392384,25.97222328186035,29.81452751159668,1.887529565921355,23.15398185483872,181.74574279785156,16.230728149414062,115.40789794921875,39.72642517089844,60.525753021240234,38.33803939819336,7.120190143585205,68.03872680664062,42.766845703125,29.160236358642578,5.655767440795898,35.566261291503906,36.07804489135742
benchmark_vs_target,benchmark,target,02034_Vitamin_Pets_Is_Dead_instrumental_chunk006_12000ms,215.003173828125,43.205909729003906,0.7940910589305982,65.57269287109375,0.6880837291839604,1784.9365680243768,1522.065393199091,524.6270047730527,0.9920959532432537,0.6752556058294084,31.165037155151367,34.848594665527344,1.5278235583316686,46.6552734375,39.5379638671875,67.20600891113281,157.5260772705078,10.261672973632812,83.98854064941406,2.1365814208984375,4.69160795211792,54.78424835205078,37.37928009033203,52.146385192871094,26.302640914916992,14.5601167678833,11.155710220336914
benchmark_vs_target,benchmark,target,02034_Vitamin_Pets_Is_Dead_instrumental_chunk007_14000ms,213.78549194335938,47.88050842285156,0.9248004101711657,78.62771606445312,0.8719777581119741,1432.88925054812,312.6626213737154,1155.9902434125247,0.9645347033163955,0.3596495262580792,26.273523330688477,30.557308197021484,1.7605091976535086,78.14468876008064,134.58740234375,33.87865447998047,97.16580200195312,35.91700744628906,53.65459060668945,23.833003997802734,0.5440623760223389,72.68363952636719,29.786338806152344,46.91899108886719,6.295934677124023,38.446834564208984,48.734230041503906
benchmark_vs_target,benchmark,target,02034_Vitamin_Pets_Is_Dead_instrumental_chunk008_16000ms,214.85153198242188,44.43354797363281,0.775099755444091,64.8775405883789,0.6739679003588847,1883.6195260286513,1863.2328116375465,426.2969351405909,0.9970033601620278,0.5612760489822225,31.57646369934082,35.314579010009766,3.731063020367417,18.229166666666664,51.197479248046875,62.59503173828125,154.90695190429688,20.752975463867188,85.9610595703125,5.892606735229492,2.4074974060058594,55.0496826171875,34.93724822998047,48.971527099609375,26.201223373413086,17.187454223632812,11.575345993041992
benchmark_vs_target,benchmark,target,02034_Vitamin_Pets_Is_Dead_instrumental_chunk009_18000ms,294.44696044921875,55.135982513427734,0.9123435475363529,87.51737213134766,0.8547442170847539,1551.5459233535953,718.0522329910946,1022.6292906849412,0.9483607718647582,0.5309498731021496,25.29432487487793,29.449932098388672,4.484362639249287,17.9443359375,248.44935607910156,22.47283172607422,78.65227508544922,44.35934829711914,59.22896194458008,6.958805084228516,8.805004119873047,67.84934997558594,30.57428741455078,50.29737854003906,6.0053815841674805,35.61322784423828,57.501564025878906
benchmark_vs_target,benchmark,target,02034_Vitamin_Pets_Is_Dead_instrumental_chunk010_20000ms,205.51052856445312,42.399070739746094,0.8153793204588906,62.08049392700195,0.680972504167249,1707.1203658259942,1726.5413450158158,358.07684997518936,0.9963509521821808,0.22242511475560803,31.396209716796875,35.02640914916992,2.6973000332847654,58.1396484375,24.38519287109375,66.36517333984375,147.99362182617188,18.01018524169922,84.75533294677734,12.928060531616211,3.8678321838378906,54.493263244628906,33.19992446899414,49.06997299194336,27.007715225219727,16.878398895263672,12.233219146728516
benchmark_vs_target,benchmark,target,02034_Vitamin_Pets_Is_Dead_instrumental_chunk011_22000ms,267.724609375,53.06288528442383,0.9379072677738822,82.15628051757812,0.8651303531834239,1222.231528601621,47.52579315849016,1190.4295930183625,0.9503756599327411,0.15291654703540247,25.760128021240234,30.078655242919922,2.789390732286961,49.254834127565985,215.20533752441406,33.13780212402344,81.80696868896484,23.56713104248047,45.34356689453125,23.85040283203125,7.916810035705566,83.17481231689453,37.16792297363281,42.90494918823242,9.838964462280273,28.758424758911133,57.14439010620117
benchmark_vs_target,benchmark,target,02034_Vitamin_Pets_Is_Dead_instrumental_chunk012_24000ms,218.34571838378906,46.32219696044922,0.77032595925223,65.56143951416016,0.6771939751077041,1318.59799574695,1098.3273323722506,549.0115813792922,0.9970432148279241,0.7024045440345313,31.60755157470703,35.198448181152344,3.974032911921169,102.5390625,64.61370849609375,81.66162109375,150.5110321044922,20.254539489746094,67.79780578613281,1.6469306945800781,7.459113121032715,61.25184631347656,35.16321563720703,55.24199676513672,20.489013671875,18.871644973754883,17.22610092163086
benchmark_vs_target,benchmark,target,02034_Vitamin_Pets_Is_Dead_instrumental_chunk013_26000ms,211.87545776367188,46.665950775146484,0.9357711146437748,77.62169647216797,0.8718493926083464,1061.5740873738987,212.17519345490837,1234.055447431239,0.971098963485343,0.22418277144197338,27.477556228637695,31.896024703979492,1.7370711275843895,25.634765625,125.91783142089844,32.80183410644531,111.99468994140625,26.24676513671875,53.315643310546875,23.987682342529297,4.82580041885376,71.77330017089844,36.07011032104492,41.59016418457031,5.550446510314941,21.46202278137207,51.12105178833008
benchmark_vs_target,benchmark,target,02035_Spowder_Miracle_Grow_instrumental_chunk000_0ms,253.9318389892578,52.69118881225586,0.6697666697491229,72.96170043945312,0.6500630017183039,3864.6964404596156,5694.892593881358,302.63591600894597,0.9760433057653217,-0.35602931078113054,32.294185638427734,37.30756759643555,7.171184510821977,9.916153661656537,104.6091537475586,7.61016845703125,165.0011444091797,88.92333984375,98.8768310546875,16.362695693969727,10.150810241699219,42.852691650390625,39.86042404174805,54.8953742980957,39.42814636230469,14.217212677001953,2.1974682807922363
benchmark_vs_target,benchmark,target,02035_Spowder_Miracle_Grow_instrumental_chunk001_2000ms,238.18418884277344,50.428001403808594,0.9060340911300776,74.83617401123047,0.8581418361644214,3391.4075668957403,4136.733973129936,509.81059037116347,0.9421973742025033,-0.28161654895305566,24.664339065551758,29.3682804107666,1.0483257059405062,41.606528072033896,166.4013671875,41.51446533203125,107.60250091552734,17.439842224121094,71.08660888671875,7.421491622924805,17.274675369262695,55.91392135620117,43.13275146484375,51.35968017578125,11.784046173095703,22.897592544555664,41.73507308959961
benchmark_vs_target,benchmark,target,02035_Spowder_Miracle_Grow_instrumental_chunk002_4000ms,231.8929901123047,47.62644958496094,0.7251235802051961,67.03780364990234,0.6744642669909827,3503.333478408053,4560.590890801471,88.1721107170606,0.9855349453883506,-0.5149866966750125,30.542160034179688,34.787689208984375,4.781677981045268,35.454184322033896,62.92164611816406,3.5535888671875,164.21636962890625,78.44253540039062,88.127685546875,10.489130020141602,11.818904876708984,44.689735412597656,39.972190856933594,55.75021743774414,41.889461517333984,14.07795524597168,3.194413661956787
benchmark_vs_target,benchmark,target,02035_Spowder_Miracle_Grow_instrumental_chunk003_6000ms,259.2942810058594,50.06565856933594,0.9007901277764768,82.67182159423828,0.8688615208990714,3104.312336751793,2680.3443618442698,841.1443858091584,0.9097758197256889,-0.7416805282595363,23.16649055480957,27.28567123413086,0.5393012669707886,52.88856907894737,206.18472290039062,31.530044555664062,82.91471862792969,1.6995124816894531,62.57474136352539,1.731588363647461,18.29893684387207,62.836509704589844,61.045074462890625,46.12540054321289,1.3539748191833496,39.756534576416016,34.80179977416992
benchmark_vs_target,benchmark,target,02035_Spowder_Miracle_Grow_instrumental_chunk004_8000ms,217.2550811767578,45.71049499511719,0.7734609367136137,61.968257904052734,0.6809788337266373,3388.724925668149,4371.245598171068,36.16949876997933,0.9792301099729367,-0.7464595811736706,30.303213119506836,34.28401565551758,2.7334265524386545,182.8954457803993,39.684417724609375,14.379486083984375,152.52346801757812,79.32056427001953,84.68196868896484,14.63899040222168,14.988321304321289,42.037235260009766,42.06026840209961,53.33412170410156,41.017799377441406,13.641827583312988,1.9279464483261108
benchmark_vs_target,benchmark,target,02035_Spowder_Miracle_Grow_instrumental_chunk005_10000ms,262.7712707519531,50.006935119628906,0.9096379747690827,76.27373504638672,0.8791340445821602,3479.9942934758346,4273.113730057426,40.18376007415873,0.9155868054069135,-0.385097981379664,21.573474884033203,26.502607345581055,4.3443099334751025,52.88856907894737,215.53843688964844,33.304412841796875,61.37574768066406,0.8503265380859375,67.98847198486328,19.095191955566406,1.0599298477172852,59.86863708496094,49.401275634765625,56.44574737548828,1.337867259979248,41.2186393737793,42.60547637939453
benchmark_vs_target,benchmark,target,02035_Spowder_Miracle_Grow_instrumental_chunk006_12000ms,226.67027282714844,47.19429016113281,0.7629804117339344,68.49993896484375,0.6903311833050669,3999.964033850525,5750.918662859046,818.6667155916998,0.9979889120986847,0.6972127280436746,31.166179656982422,36.88993453979492,1.908749342578819,112.75568181818181,59.790557861328125,24.288726806640625,153.89862060546875,81.95520782470703,100.2628402709961,25.873016357421875,0.09354233741760254,35.35865020751953,31.588821411132812,48.84471130371094,34.38191223144531,16.57322120666504,0.6158868670463562
benchmark_vs_target,benchmark,target,02035_Spowder_Miracle_Grow_instrumental_chunk007_14000ms,301.7733154296875,55.75588607788086,0.871225013101486,89.01518249511719,0.8672574018081145,3571.1058177608243,3402.4269999628477,632.6416269818028,0.929388456104729,-0.16805306637215367,23.479665756225586,28.14150047302246,4.257556768588845,49.59161931818181,257.65557861328125,55.24931335449219,55.7624626159668,24.9466552734375,77.4919204711914,3.7494068145751953,20.406734466552734,66.5806884765625,39.53142547607422,57.87874221801758,0.6703870296478271,30.372587203979492,34.53061294555664
benchmark_vs_target,benchmark,target,02035_Spowder_Miracle_Grow_instrumental_chunk008_16000ms,208.02565002441406,42.38316345214844,0.8141887594365902,60.633262634277344,0.6976601854349586,3229.2878396762976,4170.431656215502,53.31905960794029,0.9677844996527549,-0.8774972577247167,28.412418365478516,31.88492774963379,0.1933670636028566,11.969047542460117,2.466278076171875,10.355178833007812,142.9524688720703,77.33479309082031,84.1653060913086,14.102869033813477,13.133109092712402,46.55657958984375,37.759178161621094,61.3542594909668,37.71887969970703,22.5726318359375,0.5095804929733276
benchmark_vs_target,benchmark,target,02035_Spowder_Miracle_Grow_instrumental_chunk009_18000ms,254.17144775390625,56.98970413208008,0.8042479583079813,78.776123046875,0.7902457848552756,3897.90858262824,4806.902745288351,82.9441225494329,0.975671561191752,-0.010055353478421562,25.287675857543945,29.068973541259766,3.126190207680704,54.45177801724138,161.29327392578125,92.39521789550781,97.42546081542969,50.55198287963867,90.1112289428711,37.705116271972656,15.053518295288086,37.55143737792969,41.853763580322266,62.818416595458984,26.691452026367188,18.120759963989258,9.294442176818848
benchmark_vs_target,benchmark,target,02035_Spowder_Miracle_Grow_instrumental_chunk010_20000ms,205.01368713378906,42.14244842529297,0.8013228533041762,59.59878158569336,0.7125686158994848,3499.5636161425596,4659.897186445153,146.22882986547393,0.9771522278036892,-0.814178034175547,26.87908172607422,31.020713806152344,1.7558337458837894,19.29066349384098,5.516204833984375,7.11578369140625,142.70123291015625,77.60820007324219,83.88314819335938,21.082111358642578,14.756817817687988,40.214759826660156,38.5069465637207,53.993194580078125,38.324256896972656,18.732440948486328,5.416756629943848
benchmark_vs_target,benchmark,target,02035_Spowder_Miracle_Grow_instrumental_chunk011_22000ms,250.5475616455078,51.78477096557617,0.8249986514386655,81.00452423095703,0.7588467123982704,3433.827404429492,4588.276855634606,231.50269887931927,0.9819190697664866,-0.2599456157173491,25.23153305053711,29.27120590209961,7.60699309463654,38.53310032894737,123.11445617675781,66.8907699584961,162.71395874023438,39.57679748535156,95.37419128417969,11.581903457641602,14.416498184204102,32.36229705810547,32.39807891845703,50.21923828125,28.741376876831055,14.694475173950195,1.117961049079895
benchmark_vs_target,benchmark,target,02035_Spowder_Miracle_Grow_instrumental_chunk012_24000ms,204.6212615966797,42.09977340698242,0.8195276742476824,59.59073257446289,0.7139884069485631,3559.2054837468554,4845.971904422926,211.27918894226923,0.9826706224228547,-0.6494402844872279,27.129274368286133,31.388566970825195,0.29590098361193995,26.787716806220104,8.592117309570312,7.0653533935546875,138.93795776367188,79.28211975097656,88.70028686523438,19.899192810058594,12.057960510253906,40.35063552856445,38.047210693359375,55.08477783203125,35.352081298828125,19.08648109436035,4.840903282165527
benchmark_vs_target,benchmark,target,02035_Spowder_Miracle_Grow_instrumental_chunk013_26000ms,229.27870178222656,50.33132553100586,0.8088232207444812,76.05411529541016,0.7847867499341554,3563.0732709419963,4573.075857577117,43.05389037463465,0.97520100249363,-0.5701459948399731,24.705615997314453,28.40647315979004,2.454551852745954,72.39611395474138,84.266357421875,69.34854125976562,148.86703491210938,46.20644760131836,92.43437957763672,8.969106674194336,15.121989250183105,38.15484619140625,38.70687484741211,55.498931884765625,30.881500244140625,22.596858978271484,3.254476547241211
model_vs_source,model,source,02034_Vitamin_Pets_Is_Dead_instrumental_chunk005_10000ms,61.08399963378906,10.427275657653809,0.9994950355157904,21.043529510498047,0.9979540830914475,954.7621704602309,2528.5096513464096,1466.4969617109527,0.992954900993974,0.9604143118494597,3.466160297393799,6.614593982696533,2.745886839890325,0.0,48.5433349609375,29.053932189941406,17.362918853759766,10.314037322998047,5.820199966430664,2.5325927734375,2.5477495193481445,3.7633190155029297,2.9539594650268555,0.3152170181274414,3.202617883682251,5.272777557373047,3.871917724609375
model_vs_source,model,source,02034_Vitamin_Pets_Is_Dead_instrumental_chunk006_12000ms,67.51805877685547,10.384390830993652,0.9997730189946167,21.379352569580078,0.9981900771609413,905.906957991104,2372.897788771092,1441.8199668536738,0.9852271024040069,0.9223638633105028,2.382822275161743,5.440107345581055,3.5119034592426104,2.290766289893611,60.7772216796875,21.397972106933594,13.719108581542969,9.724573135375977,6.59321403503418,3.8015689849853516,4.055815696716309,4.836886405944824,3.6672840118408203,0.5937683582305908,2.0306878089904785,2.6914544105529785,1.107546091079712
model_vs_source,model,source,02034_Vitamin_Pets_Is_Dead_instrumental_chunk007_14000ms,48.59131622314453,8.479826927185059,0.9996799819966142,17.78240394592285,0.9988004785297151,978.7228149158994,2570.1908641014234,1431.6723782376057,0.9938755672726253,0.4694775504179104,2.9420053958892822,5.764307975769043,2.6758581054629644,0.0,39.18206787109375,19.463180541992188,17.138229370117188,8.094429016113281,3.9321517944335938,2.1058425903320312,0.6773195266723633,3.3766393661499023,3.664766788482666,1.7400749921798706,3.6399850845336914,3.239849090576172,3.9832189083099365
model_vs_source,model,source,02034_Vitamin_Pets_Is_Dead_instrumental_chunk008_16000ms,63.736122131347656,9.71844482421875,0.9998341816965401,20.75864028930664,0.9985131435729989,904.3315550463683,2399.9519723360654,1498.240281092791,0.996751505044484,0.9331908544744113,2.393474817276001,5.467160701751709,3.9995363570752147,0.0,57.26861572265625,18.41912841796875,15.039203643798828,9.720075607299805,5.78271484375,5.045995712280273,5.497931480407715,4.765865325927734,3.113724708557129,0.5097291469573975,0.24622905254364014,0.02591036818921566,0.9046645164489746
model_vs_source,model,source,02034_Vitamin_Pets_Is_Dead_instrumental_chunk009_18000ms,32.8536262512207,5.263005256652832,0.9998377854345316,14.967550277709961,0.9993505983023133,1088.7675257646542,2887.863083157251,1583.8907301868744,0.9908526286782149,0.8794596290590313,2.6105706691741943,5.415047645568848,2.711337994595354,62.64204545454544,26.21112060546875,11.238311767578125,14.18558120727539,6.76606559753418,1.3530559539794922,1.2401084899902344,1.1668434143066406,0.8945498466491699,0.19227290153503418,1.0832394361495972,0.5335832238197327,0.09107906371355057,3.4632606506347656
model_vs_source,model,source,02034_Vitamin_Pets_Is_Dead_instrumental_chunk010_20000ms,70.8470458984375,9.763018608093262,0.9995616531090051,22.747127532958984,0.9977176195397135,954.8645523086544,2575.5467191655584,1385.1008656864767,0.986684358677475,0.6998643869364866,3.3693041801452637,6.2980170249938965,3.361557638945989,0.0,62.10906982421875,29.883277893066406,14.004398345947266,5.552289962768555,2.2501697540283203,0.36538124084472656,0.8546791076660156,1.9321579933166504,0.6343793869018555,1.4043307304382324,0.7784712314605713,2.2339577674865723,4.916689872741699
model_vs_source,model,source,02034_Vitamin_Pets_Is_Dead_instrumental_chunk011_22000ms,61.77073669433594,10.440778732299805,0.9991864869099494,20.720224380493164,0.9977404835071377,1722.552663650948,4574.039713541667,2455.719261007838,0.9514053075675613,0.6249715282220212,3.5176522731781006,6.762903690338135,2.835382580320889,0.0,45.85882568359375,32.68734359741211,20.25664520263672,10.138971328735352,5.147253036499023,1.8321924209594727,0.8259994983673096,0.9366793632507324,0.3356914520263672,0.9461121559143066,3.78261661529541,6.423870086669922,6.557908058166504
model_vs_source,model,source,02034_Vitamin_Pets_Is_Dead_instrumental_chunk012_24000ms,46.75615310668945,8.823113441467285,0.9992439515313545,20.71702003479004,0.9985875566685006,826.3166471042784,2120.54745853471,1079.159320015047,0.9908896315582358,0.8251836298843406,4.770174980163574,7.423190116882324,0.8161064649976524,8.110434322033896,25.7379150390625,23.666778564453125,28.027530670166016,1.8390884399414062,1.099081039428711,4.200638771057129,4.269247055053711,2.811199188232422,5.964874267578125,5.58296012878418,6.845441818237305,0.7112908363342285,3.9444291591644287
model_vs_source,model,source,02034_Vitamin_Pets_Is_Dead_instrumental_chunk013_26000ms,32.325828552246094,6.0669989585876465,0.9997858313455049,14.799051284790039,0.9994872488305863,1289.999017528912,3344.5101928710938,1474.5143227499152,0.9971975488353534,0.6729798406205993,2.2902414798736572,5.13693904876709,0.067159126623352,3.68088942307692,24.50775146484375,8.59597396850586,15.433341979980469,8.049627304077148,3.406827926635742,2.4757680892944336,0.16711044311523438,1.792226791381836,3.6315388679504395,1.2214994430541992,3.0934629440307617,2.4961998462677,3.999667167663574
model_vs_source,model,source,02035_Spowder_Miracle_Grow_instrumental_chunk000_0ms,16.707847595214844,3.8823699951171875,0.9998455678012907,11.048524856567383,0.9997495651065442,567.4837766449557,1436.6424239309213,939.9336637086685,0.9741968185804594,0.9386638070424965,2.4155220985412598,4.826828479766846,1.4343414444415714,25.961538461538467,9.63800048828125,3.0359954833984375,7.7622528076171875,6.391695022583008,1.5702457427978516,1.3105401992797852,2.3942480087280273,1.4262795448303223,3.185152292251587,4.872219085693359,1.4116239547729492,3.4266695976257324,4.045881271362305
model_vs_source,model,source,02035_Spowder_Miracle_Grow_instrumental_chunk001_2000ms,16.156042098999023,3.3643951416015625,0.9998764790968818,10.143128395080566,0.9997568044062733,630.4016941256791,1553.7906044407891,934.6354127409868,0.9766948377847896,0.9566693533135817,2.132934093475342,4.491935729980469,1.0637989168616215,67.55514705882354,9.6593017578125,1.3559646606445312,8.47780990600586,7.091850280761719,2.5741138458251953,0.7784194946289062,0.12279415130615234,1.367025375366211,2.9379615783691406,1.8795160055160522,2.341442108154297,1.2188379764556885,3.9320998191833496
model_vs_source,model,source,02035_Spowder_Miracle_Grow_instrumental_chunk002_4000ms,14.816075325012207,3.0579440593719482,0.9998526748976633,10.150423049926758,0.9997488836354338,629.8058457670704,1592.3576247524206,929.6865002609838,0.9942523627947872,0.8176788192019084,2.1452512741088867,4.465403079986572,0.7056845790015558,0.0,5.07452392578125,0.8644866943359375,8.978961944580078,7.918355941772461,3.1187286376953125,1.3027935028076172,0.28822803497314453,1.575223684310913,2.3963782787323,0.992703914642334,1.8805286884307861,0.32897329330444336,5.033388137817383
model_vs_source,model,source,02035_Spowder_Miracle_Grow_instrumental_chunk003_6000ms,22.36224937438965,4.683981418609619,0.9998010795838154,11.410325050354004,0.9996085987559303,791.2184315967113,1918.6083984374995,990.2613761775951,0.9756506361790731,0.5706293831166728,2.3474960327148438,4.749324798583984,0.9717199182681568,7.830255681818187,14.04107666015625,6.207603454589844,10.840103149414062,7.96479606628418,3.991342544555664,0.7688093185424805,1.8964967727661133,1.7320003509521484,2.1696126461029053,2.703508138656616,1.5476469993591309,0.2581077218055725,6.770657539367676
model_vs_source,model,source,02035_Spowder_Miracle_Grow_instrumental_chunk004_8000ms,18.187870025634766,3.9504482746124268,0.9998720401612831,10.342914581298828,0.9997531760366856,651.6439064108886,1617.7479954769733,946.8950418704603,0.9822304759994956,0.9654215835740902,2.204982280731201,4.428620338439941,1.4947963303214635,0.0,12.596435546875,2.84906005859375,6.939384460449219,6.035818099975586,2.3671131134033203,0.018629074096679688,1.026130199432373,2.1573758125305176,3.7590572834014893,2.59425687789917,3.2187271118164062,2.091167688369751,5.70267391204834
model_vs_source,model,source,02035_Spowder_Miracle_Grow_instrumental_chunk005_10000ms,17.66059112548828,3.1327362060546875,0.9997433799666389,11.36509895324707,0.9995919348686383,479.7591490515026,1028.7326388888891,752.3806415537815,0.9919759301558707,0.8180313887407602,2.5539417266845703,5.010868549346924,1.5111661749583192,35.381899871630296,0.26031494140625,1.2257919311523438,13.690673828125,8.551481246948242,1.155740737915039,0.11913585662841797,1.7408862113952637,2.468271255493164,2.524299144744873,3.694671630859375,0.11502575874328613,0.8804856538772583,4.298793792724609
model_vs_source,model,source,02035_Spowder_Miracle_Grow_instrumental_chunk006_12000ms,22.820955276489258,4.341593265533447,0.999722402428399,12.678690910339355,0.9995684471527367,803.8836319601401,2077.0647689202547,989.5986004059027,0.9869108875343187,0.5077166844730033,2.897942066192627,5.356174468994141,0.8875618602247428,0.0,12.59356689453125,2.5230941772460938,16.08586883544922,5.3182373046875,0.9025287628173828,0.14154911041259766,3.910628318786621,0.24592018127441406,1.8906288146972656,5.226520538330078,3.259032964706421,1.2601286172866821,3.083008289337158
model_vs_source,model,source,02035_Spowder_Miracle_Grow_instrumental_chunk007_14000ms,36.50947952270508,7.154952049255371,0.9995823260241342,15.61131763458252,0.999243624134651,392.6306094640147,971.3696897241989,733.6434200736412,0.9732302274280634,0.544172766254139,3.21402907371521,5.745479106903076,0.6609772886583869,70.53980334051724,24.9949951171875,11.193099975585938,20.200286865234375,6.488277435302734,1.8306732177734375,0.7746400833129883,5.6646552085876465,0.3053302764892578,3.890305519104004,4.043439865112305,4.701476097106934,3.20078706741333,5.726405143737793
model_vs_source,model,source,02035_Spowder_Miracle_Grow_instrumental_chunk008_16000ms,20.275997161865234,3.959480047225952,0.9997571250774266,11.786317825317383,0.9995256032332271,633.3451149982509,1768.7603759765625,927.693383079516,0.9931371909170104,0.9718169195789346,2.616710662841797,5.07585334777832,0.13387012216747252,0.0,7.57623291015625,5.8996734619140625,14.758193969726562,7.254281997680664,1.596405029296875,0.12462043762207031,2.7228269577026367,0.2544093132019043,1.6195087432861328,2.4146177768707275,1.1922004222869873,0.7716808319091797,5.2885847091674805
model_vs_source,model,source,02035_Spowder_Miracle_Grow_instrumental_chunk009_18000ms,19.099651336669922,4.091619968414307,0.9997774104967007,12.09772777557373,0.9995726918659731,669.5523886829503,1807.8998997138692,924.2975381219858,0.9842853421233211,0.11137792817559654,2.7210142612457275,5.203332424163818,0.500987906949689,69.2138671875,8.1649169921875,2.5998458862304688,13.160045623779297,5.781707763671875,1.257415771484375,0.7979030609130859,4.969855308532715,1.2065865993499756,1.9418630599975586,2.643655776977539,2.4381625652313232,2.4086484909057617,5.820449352264404
model_vs_source,model,source,02035_Spowder_Miracle_Grow_instrumental_chunk010_20000ms,31.72050666809082,6.2869415283203125,0.9996842882799731,14.721357345581055,0.9993754610714948,716.5345848521547,1924.7429014718805,994.0178090923373,0.990837153212567,0.7806254123648584,3.0153143405914307,5.599919319152832,0.7407579092289112,36.26644736842105,21.31439208984375,9.135635375976562,17.973594665527344,6.413774490356445,2.6109542846679688,1.9729461669921875,4.513896942138672,0.6181931495666504,4.197579383850098,1.6382255554199219,2.466454029083252,2.565462112426758,6.309139251708984
model_vs_source,model,source,02035_Spowder_Miracle_Grow_instrumental_chunk011_22000ms,29.27495574951172,5.973715782165527,0.9996511812838342,14.230997085571289,0.9993788696465828,1129.6808186078442,2856.8516138980262,1177.0654123475783,0.9787946643327098,0.7309288151314284,3.0316860675811768,5.619035243988037,0.030421571825286264,0.0,18.40118408203125,5.019996643066406,17.667938232421875,5.197519302368164,1.3527336120605469,1.306985855102539,6.290732383728027,2.277578592300415,3.7329587936401367,2.2589111328125,2.9993155002593994,2.789829730987549,8.36262035369873
model_vs_source,model,source,02035_Spowder_Miracle_Grow_instrumental_chunk012_24000ms,26.803909301757812,5.449631214141846,0.9996127789781547,14.325311660766602,0.9993489046240572,710.3166059842172,1820.162233164613,970.746829957845,0.9871880236912519,0.8905637908028783,3.3015432357788086,5.873359680175781,0.468239721957211,183.75,12.448974609375,4.689125061035156,19.527084350585938,4.641532897949219,1.2110137939453125,1.3182191848754883,6.595495700836182,1.4093940258026123,3.966395854949951,2.503471851348877,2.412473678588867,2.7270050048828125,7.395020961761475
model_vs_source,model,source,02035_Spowder_Miracle_Grow_instrumental_chunk013_26000ms,28.755428314208984,5.282758712768555,0.9997867853290571,13.31380558013916,0.9995785680880884,916.9990980230859,2209.0109381877196,1095.5393523758466,0.9869450418874667,0.6622697779232442,2.7122390270233154,5.092737674713135,0.26253059053991024,0.0,22.07232666015625,5.134063720703125,14.328418731689453,5.601728439331055,0.9341392517089844,0.15809249877929688,4.642704010009766,1.233384609222412,2.6202826499938965,2.4057304859161377,2.4484188556671143,1.4455437660217285,5.651033401489258
